curbweight,carlength,wheelbase,carwidth,price,enginesize,horsepower,citympg
2548,168.8,88.6,64.1,13495.0,130,111,21
2548,168.8,88.6,64.1,16500.0,130,111,21
2823,171.2,94.5,65.5,16500.0,152,154,19
2337,176.6,99.8,66.2,13950.0,109,102,24
2824,176.6,99.4,66.4,17450.0,136,115,18
2507,177.3,99.8,66.3,15250.0,136,110,19
2844,192.7,105.8,71.4,17710.0,136,110,19
2954,192.7,105.8,71.4,18920.0,136,110,19
3086,192.7,105.8,71.4,23875.0,131,140,17
3053,178.2,99.5,67.9,17859.167,131,160,16
2395,176.8,101.2,64.8,16430.0,108,101,23
2395,176.8,101.2,64.8,16925.0,108,101,23
2710,176.8,101.2,64.8,20970.0,164,121,21
2765,176.8,101.2,64.8,21105.0,164,121,21
3055,189.0,103.5,66.9,24565.0,164,121,20
3230,189.0,103.5,66.9,30760.0,209,182,16
3380,193.8,103.5,67.9,41315.0,209,182,16
3505,197.0,110.0,70.9,36880.0,209,182,15
1488,141.1,88.4,60.3,5151.0,61,48,47
1874,155.9,94.5,63.6,6295.0,90,70,38
1909,158.8,94.5,63.6,6575.0,90,70,38
1876,157.3,93.7,63.8,5572.0,90,68,37
1876,157.3,93.7,63.8,6377.0,90,68,31
2128,157.3,93.7,63.8,7957.0,98,102,24
1967,157.3,93.7,63.8,6229.0,90,68,31
1989,157.3,93.7,63.8,6692.0,90,68,31
1989,157.3,93.7,63.8,7609.0,90,68,31
2191,157.3,93.7,63.8,8558.0,98,102,24
2535,174.6,103.3,64.6,8921.0,122,88,24
2811,173.2,95.9,66.3,12964.0,156,145,19
1713,144.6,86.6,63.9,6479.0,92,58,49
1819,144.6,86.6,63.9,6855.0,92,76,31
1837,150.0,93.7,64.0,5399.0,79,60,38
1940,150.0,93.7,64.0,6529.0,92,76,30
1956,150.0,93.7,64.0,7129.0,92,76,30
2010,163.4,96.5,64.0,7295.0,92,76,30
2024,157.1,96.5,63.9,7295.0,92,76,30
2236,167.5,96.5,65.2,7895.0,110,86,27
2289,167.5,96.5,65.2,9095.0,110,86,27
2304,175.4,96.5,65.2,8845.0,110,86,27
2372,175.4,96.5,62.5,10295.0,110,86,27
2465,175.4,96.5,65.2,12945.0,110,101,24
2293,169.1,96.5,66.0,10345.0,110,100,25
2337,170.7,94.3,61.8,6785.0,111,78,24
1874,155.9,94.5,63.6,8916.5,90,70,38
1909,155.9,94.5,63.6,8916.5,90,70,38
2734,172.6,96.0,65.2,11048.0,119,90,24
4066,199.6,113.0,69.6,32250.0,258,176,15
4066,199.6,113.0,69.6,35550.0,258,176,15
3950,191.7,102.0,70.6,36000.0,326,262,13
1890,159.1,93.1,64.2,5195.0,91,68,30
1900,159.1,93.1,64.2,6095.0,91,68,31
1905,159.1,93.1,64.2,6795.0,91,68,31
1945,166.8,93.1,64.2,6695.0,91,68,31
1950,166.8,93.1,64.2,7395.0,91,68,31
2380,169.0,95.3,65.7,10945.0,70,101,17
2380,169.0,95.3,65.7,11845.0,70,101,17
2385,169.0,95.3,65.7,13645.0,70,101,17
2500,169.0,95.3,65.7,15645.0,80,135,16
2385,177.8,98.8,66.5,8845.0,122,84,26
2410,177.8,98.8,66.5,8495.0,122,84,26
2385,177.8,98.8,66.5,10595.0,122,84,26
2410,177.8,98.8,66.5,10245.0,122,84,26
2443,177.8,98.8,66.5,10795.0,122,64,36
2425,177.8,98.8,66.5,11245.0,122,84,26
2670,175.0,104.9,66.1,18280.0,140,120,19
2700,175.0,104.9,66.1,18344.0,134,72,31
3515,190.9,110.0,70.3,25552.0,183,123,22
3750,190.9,110.0,70.3,28248.0,183,123,22
3495,187.5,106.7,70.3,28176.0,183,123,22
3770,202.6,115.6,71.7,31600.0,183,123,22
3740,202.6,115.6,71.7,34184.0,234,155,16
3685,180.3,96.6,70.5,35056.0,234,155,16
3900,208.1,120.9,71.7,40960.0,308,184,14
3715,199.2,112.0,72.0,45400.0,304,184,14
2910,178.4,102.7,68.0,16503.0,140,175,19
1918,157.3,93.7,64.4,5389.0,92,68,37
1944,157.3,93.7,64.4,6189.0,92,68,31
2004,157.3,93.7,64.4,6669.0,92,68,31
2145,157.3,93.0,63.8,7689.0,98,102,24
2370,173.0,96.3,65.4,9959.0,110,116,23
2328,173.0,96.3,65.4,8499.0,122,88,25
2833,173.2,95.9,66.3,12629.0,156,145,19
2921,173.2,95.9,66.3,14869.0,156,145,19
2926,173.2,95.9,66.3,14489.0,156,145,19
2365,172.4,96.3,65.4,6989.0,122,88,25
2405,172.4,96.3,65.4,8189.0,122,88,25
2403,172.4,96.3,65.4,9279.0,110,116,23
2403,172.4,96.3,65.4,9279.0,110,116,23
1889,165.3,94.5,63.8,5499.0,97,69,31
2017,165.3,94.5,63.8,7099.0,103,55,45
1918,165.3,94.5,63.8,6649.0,97,69,31
1938,165.3,94.5,63.8,6849.0,97,69,31
2024,170.2,94.5,63.8,7349.0,97,69,31
1951,165.3,94.5,63.8,7299.0,97,69,31
2028,165.6,94.5,63.8,7799.0,97,69,31
1971,165.3,94.5,63.8,7499.0,97,69,31
2037,170.2,94.5,63.8,7999.0,97,69,31
2008,162.4,95.1,63.8,8249.0,97,69,31
2324,173.4,97.2,65.2,8949.0,120,97,27
2302,173.4,97.2,65.2,9549.0,120,97,27
3095,181.7,100.4,66.5,13499.0,181,152,17
3296,184.6,100.4,66.5,14399.0,181,152,17
3060,184.6,100.4,66.5,13499.0,181,152,19
3071,170.7,91.3,67.9,17199.0,181,160,19
3139,170.7,91.3,67.9,19699.0,181,200,17
3139,178.5,99.2,67.9,18399.0,181,160,19
3020,186.7,107.9,68.4,11900.0,120,97,19
3197,186.7,107.9,68.4,13200.0,152,95,28
3230,198.9,114.2,68.4,12440.0,120,97,19
3430,198.9,114.2,68.4,13860.0,152,95,25
3075,186.7,107.9,68.4,15580.0,120,95,19
3252,186.7,107.9,68.4,16900.0,152,95,28
3285,198.9,114.2,68.4,16695.0,120,95,19
3485,198.9,114.2,68.4,17075.0,152,95,25
3075,186.7,107.9,68.4,16630.0,120,97,19
3252,186.7,107.9,68.4,17950.0,152,95,28
3130,186.7,108.0,68.3,18150.0,134,142,18
1918,157.3,93.7,63.8,5572.0,90,68,37
2128,157.3,93.7,63.8,7957.0,98,102,24
1967,157.3,93.7,63.8,6229.0,90,68,31
1989,167.3,93.7,63.8,6692.0,90,68,31
2191,167.3,93.7,63.8,7609.0,98,68,31
2535,174.6,103.3,64.6,8921.0,122,88,24
2818,173.2,95.9,66.3,12764.0,156,145,19
2778,168.9,94.5,68.3,22018.0,151,143,19
2756,168.9,89.5,65.0,32528.0,194,207,17
2756,168.9,89.5,65.0,34028.0,194,207,17
2800,168.9,89.5,65.0,37028.0,194,207,17
3366,175.7,98.4,72.3,31400.5,203,288,17
2579,181.5,96.1,66.5,9295.0,132,90,23
2460,176.8,96.1,66.6,9895.0,132,90,23
2658,186.6,99.1,66.5,11850.0,121,110,21
2695,186.6,99.1,66.5,12170.0,121,110,21
2707,186.6,99.1,66.5,15040.0,121,110,21
2758,186.6,99.1,66.5,15510.0,121,110,21
2808,186.6,99.1,66.5,18150.0,121,160,19
2847,186.6,99.1,66.5,18620.0,121,160,19
2050,156.9,93.7,63.4,5118.0,97,69,31
2120,157.9,93.7,63.6,7053.0,108,73,26
2240,157.3,93.3,63.8,7603.0,108,73,26
2145,172.0,97.2,65.4,7126.0,108,82,32
2190,172.0,97.2,65.4,7775.0,108,82,28
2340,172.0,97.2,65.4,9960.0,108,94,26
2385,172.0,97.0,65.4,9233.0,108,82,24
2510,172.0,97.0,65.4,11259.0,108,111,24
2290,173.5,97.0,65.4,7463.0,108,82,28
2455,173.5,97.0,65.4,10198.0,108,94,25
2420,173.6,96.9,65.4,8013.0,108,82,23
2650,173.6,96.9,65.4,11694.0,108,111,23
1985,158.7,95.7,63.6,5348.0,92,62,35
2040,158.7,95.7,63.6,6338.0,92,62,31
2015,158.7,95.7,63.6,6488.0,92,62,31
2280,169.7,95.7,63.6,6918.0,92,62,31
2290,169.7,95.7,63.6,7898.0,92,62,27
3110,169.7,95.7,63.6,8778.0,92,62,27
2081,166.3,95.7,64.4,6938.0,98,70,30
2109,166.3,95.7,64.4,7198.0,98,70,30
2275,166.3,95.7,64.4,7898.0,110,56,34
2275,166.3,95.7,64.4,7788.0,110,56,38
2094,166.3,95.7,64.4,7738.0,98,70,38
2122,166.3,95.7,64.4,8358.0,98,70,28
2140,166.3,95.7,64.4,9258.0,98,70,28
2169,168.7,94.5,64.0,8058.0,98,70,29
2204,168.7,94.5,64.0,8238.0,98,70,29
2265,168.7,94.5,64.0,9298.0,98,112,26
2300,168.7,94.5,64.0,9538.0,98,112,26
2540,176.2,98.4,65.6,8449.0,146,116,24
2536,176.2,98.4,65.6,9639.0,146,116,24
2551,176.2,98.4,65.6,9989.0,146,116,24
2679,176.2,98.4,65.6,11199.0,146,116,24
2714,176.2,98.4,65.6,11549.0,146,116,24
2975,176.2,98.4,65.6,17669.0,146,116,24
2326,175.6,102.4,66.5,8948.0,122,92,29
2480,175.6,102.4,66.5,10698.0,110,73,30
2414,175.6,102.4,66.5,9988.0,122,92,27
2414,175.6,102.4,66.5,10898.0,122,92,27
2458,175.6,102.4,66.5,11248.0,122,92,27
2976,183.5,102.9,67.7,16558.0,171,161,20
3016,183.5,102.9,67.7,15998.0,171,161,19
3131,187.8,104.5,66.5,15690.0,171,156,20
3151,187.8,104.5,66.5,15750.0,161,156,19
2261,171.7,97.3,65.5,7775.0,97,52,37
2209,171.7,97.3,65.5,7975.0,109,85,27
2264,171.7,97.3,65.5,7995.0,97,52,37
2212,171.7,97.3,65.5,8195.0,109,85,27
2275,171.7,97.3,65.5,8495.0,109,85,27
2319,171.7,97.3,65.5,9495.0,97,68,37
2300,171.7,97.3,65.5,9995.0,109,100,26
2254,159.3,94.5,64.2,11595.0,109,90,24
2221,165.7,94.5,64.0,9980.0,109,90,24
2661,180.2,100.4,66.9,13295.0,136,110,19
2579,180.2,100.4,66.9,13845.0,97,68,33
2563,183.1,100.4,66.9,12290.0,109,88,25
2912,188.8,104.3,67.2,12940.0,141,114,23
3034,188.8,104.3,67.2,13415.0,141,114,23
2935,188.8,104.3,67.2,15985.0,141,114,24
3042,188.8,104.3,67.2,16515.0,141,114,24
3045,188.8,104.3,67.2,18420.0,130,162,17
3157,188.8,104.3,67.2,18950.0,130,162,17
2952,188.8,109.1,68.9,16845.0,141,114,23
3049,188.8,109.1,68.8,19045.0,141,160,19
3012,188.8,109.1,68.9,21485.0,173,134,18
3217,188.8,109.1,68.9,22470.0,145,106,26
3062,188.8,109.1,68.9,22625.0,141,114,19
