wheelbase,carlength,carwidth,carheight,curbweight,enginesize,boreratio,stroke,compressionratio,horsepower,peakrpm,citympg,highwaympg,price,car_ID
95.9,173.2,66.3,50.2,2921,156,3.59,3.86,7.0,145,5000,19,24,14869.0,84
104.9,175.0,66.1,54.4,2670,140,3.76,3.16,8.0,120,5000,19,27,18280.0,66
94.5,168.7,64.0,52.6,2300,98,3.24,3.08,9.4,112,6600,26,29,9538.0,167
107.9,186.7,68.4,56.7,3252,152,3.7,3.52,21.0,95,4150,28,33,16900.0,113
100.4,184.6,66.5,56.1,3296,181,3.43,3.27,9.0,152,5200,17,22,14399.0,103
94.5,155.9,63.6,52.0,1874,90,3.03,3.11,9.6,70,5400,38,43,8916.5,45
93.7,157.3,63.8,50.8,1876,90,2.97,3.23,9.4,68,5500,31,38,6377.0,23
89.5,168.9,65.0,51.6,2756,194,3.74,2.9,9.5,207,5900,17,25,32528.0,127
93.7,157.9,63.6,53.7,2120,108,3.62,2.64,8.7,73,4400,26,31,7053.0,140
105.8,192.7,71.4,55.7,2844,136,3.19,3.4,8.5,110,5500,19,25,17710.0,7
114.2,198.9,68.4,58.7,3430,152,3.7,3.52,21.0,95,4150,25,25,13860.0,111
96.5,163.4,64.0,54.5,2010,92,2.91,3.41,9.2,76,6000,30,34,7295.0,36
103.5,189.0,66.9,55.7,3230,209,3.62,3.39,8.0,182,5400,16,22,30760.0,16
112.0,199.2,72.0,55.4,3715,304,3.8,3.35,8.0,184,4500,14,16,45400.0,75
93.7,157.3,63.8,50.8,1876,90,2.97,3.23,9.41,68,5500,37,41,5572.0,22
99.8,176.6,66.2,54.3,2337,109,3.19,3.4,10.0,102,5500,24,30,13950.0,4
93.1,159.1,64.2,54.1,1905,91,3.03,3.15,9.0,68,5000,31,38,6795.0,53
110.0,197.0,70.9,56.3,3505,209,3.62,3.39,8.0,182,5400,15,20,36880.0,18
114.2,198.9,68.4,56.7,3285,120,3.46,2.19,8.4,95,5000,19,24,16695.0,114
95.7,166.3,64.4,52.8,2275,110,3.27,3.35,22.5,56,4500,38,47,7788.0,160
98.8,177.8,66.5,55.5,2443,122,3.39,3.39,22.7,64,4650,36,42,10795.0,64
95.7,166.3,64.4,52.8,2140,98,3.19,3.03,9.0,70,4800,28,34,9258.0,163
109.1,188.8,68.8,55.5,3049,141,3.78,3.15,8.7,160,5300,19,25,19045.0,202
97.2,172.0,65.4,52.5,2145,108,3.62,2.64,9.5,82,4800,32,37,7126.0,142
95.7,166.3,64.4,53.0,2094,98,3.19,3.03,9.0,70,4800,38,47,7738.0,161
104.3,188.8,67.2,57.5,3157,130,3.62,3.15,7.5,162,5100,17,22,18950.0,200
98.8,177.8,66.5,55.5,2425,122,3.39,3.39,8.6,84,4800,26,32,11245.0,65
93.7,150.0,64.0,52.6,1837,79,2.91,3.07,10.1,60,5500,38,42,5399.0,33
89.5,168.9,65.0,51.6,2756,194,3.74,2.9,9.5,207,5900,17,25,34028.0,128
96.9,173.6,65.4,54.9,2650,108,3.62,2.64,7.7,111,4800,23,23,11694.0,150
94.5,165.3,63.8,54.5,1971,97,3.15,3.29,9.4,69,5200,31,37,7499.0,97
99.5,178.2,67.9,52.0,3053,131,3.13,3.4,7.0,160,5500,16,22,17859.167,10
98.4,176.2,65.6,53.0,2975,146,3.62,3.5,9.3,116,4800,24,30,17669.0,173
108.0,186.7,68.3,56.0,3130,134,3.61,3.21,7.0,142,5600,18,24,18150.0,118
97.3,171.7,65.5,55.7,2275,109,3.19,3.4,9.0,85,5250,27,34,8495.0,187
97.3,171.7,65.5,55.7,2319,97,3.01,3.4,23.0,68,4500,37,42,9495.0,188
115.6,202.6,71.7,56.3,3770,183,3.58,3.64,21.5,123,4350,22,25,31600.0,71
98.4,176.2,65.6,52.0,2679,146,3.62,3.5,9.3,116,4800,24,30,11199.0,171
95.3,169.0,65.7,49.6,2385,70,3.33,3.255,9.4,101,6000,17,23,13645.0,58
93.7,150.0,64.0,52.6,1956,92,2.91,3.41,9.2,76,6000,30,34,7129.0,35
94.3,170.7,61.8,53.5,2337,111,3.31,3.23,8.5,78,4800,24,29,6785.0,44
96.5,167.5,65.2,53.3,2289,110,3.15,3.58,9.0,86,5800,27,33,9095.0,39
98.4,176.2,65.6,52.0,2536,146,3.62,3.5,9.3,116,4800,24,30,9639.0,169
102.9,183.5,67.7,52.0,3016,171,3.27,3.35,9.3,161,5200,19,24,15998.0,180
101.2,176.8,64.8,54.3,2710,164,3.31,3.19,9.0,121,4250,21,28,20970.0,13
94.5,168.7,64.0,52.6,2265,98,3.24,3.08,9.4,112,6600,26,29,9298.0,166
102.4,175.6,66.5,54.9,2414,122,3.31,3.54,8.7,92,4200,27,32,10898.0,177
97.2,173.4,65.2,54.7,2302,120,3.33,3.47,8.5,97,5200,27,34,9549.0,101
95.7,166.3,64.4,52.8,2122,98,3.19,3.03,9.0,70,4800,28,34,8358.0,162
97.2,173.4,65.2,54.7,2324,120,3.33,3.47,8.5,97,5200,27,34,8949.0,100
88.6,168.8,64.1,48.8,2548,130,3.47,2.68,9.0,111,5000,21,27,13495.0,1
96.3,172.4,65.4,51.6,2403,110,3.17,3.46,7.5,116,5500,23,30,9279.0,89
97.3,171.7,65.5,55.7,2212,109,3.19,3.4,9.0,85,5250,27,34,8195.0,186
100.4,180.2,66.9,55.1,2661,136,3.19,3.4,8.5,110,5500,19,24,13295.0,192
95.3,169.0,65.7,49.6,2380,70,3.33,3.255,9.4,101,6000,17,23,11845.0,57
99.4,176.6,66.4,54.3,2824,136,3.19,3.4,8.0,115,5500,18,22,17450.0,5
99.2,178.5,67.9,49.7,3139,181,3.43,3.27,9.0,160,5200,19,25,18399.0,107
102.7,178.4,68.0,54.8,2910,140,3.78,3.12,8.0,175,5000,19,24,16503.0,76
102.4,175.6,66.5,53.9,2414,122,3.31,3.54,8.7,92,4200,27,32,9988.0,176
99.1,186.6,66.5,56.1,2847,121,3.54,3.07,9.0,160,5500,19,26,18620.0,138
110.0,190.9,70.3,56.5,3515,183,3.58,3.64,21.5,123,4350,22,25,25552.0,68
106.7,187.5,70.3,54.9,3495,183,3.58,3.64,21.5,123,4350,22,25,28176.0,70
97.2,172.0,65.4,52.5,2340,108,3.62,2.64,9.0,94,5200,26,32,9960.0,144
102.4,175.6,66.5,54.9,2326,122,3.31,3.54,8.7,92,4200,29,34,8948.0,174
107.9,186.7,68.4,56.7,3197,152,3.7,3.52,21.0,95,4150,28,33,13200.0,109
109.1,188.8,68.9,55.5,3062,141,3.78,3.15,9.5,114,5400,19,25,22625.0,205
114.2,198.9,68.4,58.7,3485,152,3.7,3.52,21.0,95,4150,25,25,17075.0,115
101.2,176.8,64.8,54.3,2395,108,3.5,2.8,8.8,101,5800,23,29,16925.0,12
94.5,165.3,63.8,54.5,1951,97,3.15,3.29,9.4,69,5200,31,37,7299.0,95
99.1,186.6,66.5,56.1,2658,121,3.54,3.07,9.31,110,5250,21,28,11850.0,133
104.5,187.8,66.5,54.1,3131,171,3.27,3.35,9.2,156,5200,20,24,15690.0,181
104.3,188.8,67.2,56.2,2912,141,3.78,3.15,9.5,114,5400,23,28,12940.0,195
96.1,181.5,66.5,55.2,2579,132,3.46,3.9,8.7,90,5100,23,31,9295.0,131
95.7,169.7,63.6,59.1,2280,92,3.05,3.03,9.0,62,4800,31,37,6918.0,154
94.5,165.6,63.8,53.3,2028,97,3.15,3.29,9.4,69,5200,31,37,7799.0,96
104.3,188.8,67.2,56.2,3045,130,3.62,3.15,7.5,162,5100,17,22,18420.0,199
94.5,168.7,64.0,52.6,2204,98,3.19,3.03,9.0,70,4800,29,34,8238.0,165
95.7,158.7,63.6,54.5,2015,92,3.05,3.03,9.0,62,4800,31,38,6488.0,153
99.1,186.6,66.5,56.1,2808,121,3.54,3.07,9.0,160,5500,19,26,18150.0,137
113.0,199.6,69.6,52.8,4066,258,3.63,4.17,8.1,176,4750,15,19,35550.0,49
105.8,192.7,71.4,55.7,2954,136,3.19,3.4,8.5,110,5500,19,25,18920.0,8
95.7,158.7,63.6,54.5,1985,92,3.05,3.03,9.0,62,4800,35,39,5348.0,151
96.3,172.4,65.4,51.6,2365,122,3.35,3.46,8.5,88,5000,25,32,6989.0,86
94.5,165.3,63.8,54.5,2017,103,2.99,3.47,21.9,55,4800,45,50,7099.0,91
95.9,173.2,66.3,50.2,2926,156,3.59,3.86,7.0,145,5000,19,24,14489.0,85
95.7,158.7,63.6,54.5,2040,92,3.05,3.03,9.0,62,4800,31,38,6338.0,152
93.7,157.3,64.4,50.8,1918,92,2.97,3.23,9.4,68,5500,37,41,5389.0,77
94.5,159.3,64.2,55.6,2254,109,3.19,3.4,8.5,90,5500,24,29,11595.0,190
93.7,157.3,63.8,50.6,1967,90,2.97,3.23,9.4,68,5500,31,38,6229.0,121
95.9,173.2,66.3,50.2,2811,156,3.6,3.9,7.0,145,5000,19,24,12964.0,30
109.1,188.8,68.9,55.5,3012,173,3.58,2.87,8.8,134,5500,18,23,21485.0,203
93.7,150.0,64.0,52.6,1940,92,2.91,3.41,9.2,76,6000,30,34,6529.0,34
113.0,199.6,69.6,52.8,4066,258,3.63,4.17,8.1,176,4750,15,19,32250.0,48
86.6,144.6,63.9,50.8,1819,92,2.91,3.41,9.2,76,6000,31,38,6855.0,32
95.9,173.2,66.3,50.2,2818,156,3.59,3.86,7.0,145,5000,19,24,12764.0,125
105.8,192.7,71.4,55.9,3086,131,3.13,3.4,8.3,140,5500,17,20,23875.0,9
88.4,141.1,60.3,53.2,1488,61,2.91,3.03,9.5,48,5100,47,53,5151.0,19
93.7,157.3,63.8,50.8,1918,90,2.97,3.23,9.4,68,5500,37,41,5572.0,119
100.4,180.2,66.9,55.1,2579,97,3.01,3.4,23.0,68,4500,33,38,13845.0,193
107.9,186.7,68.4,56.7,3075,120,3.46,3.19,8.4,97,5000,19,24,16630.0,116
